"Funktionsbereich";"Bezeichnung";"Kurzbezeichnung";"Gültig von";"Gültig bis";"Berufung";"Befrist."
"Funktion im Ausland";"Abwassertechniker/in";"10.01";01.01.2006;;"nötig";60
"Funktion im Ausland";"Admin SEEBA";"1.19";01.09.2016;;"nötig";60
"Funktion im Ausland";"Administration Support TAST";"alt5.01";01.01.2009;30.11.2015;"nötig";60
"Funktion im Ausland";"Administrator / Finance";"9.07";01.01.2006;;"nötig";60
"Funktion im Ausland";"Administrator / Office Support";"9.06";01.01.2005;;"nötig";60
"Funktion im Ausland";"Anlagentechniker/in";"10.02";01.01.2009;;"nötig";60
"Funktion im Ausland";"Baufacharbeiter/in";"10.03";01.01.2009;;"nötig";60
"Funktion im Ausland";"Bauingenieur/in Hochbau";"HBauIng";01.01.2006;31.03.2009;"nötig";60
"Funktion im Ausland";"Bauingenieur/in Hochbau /Architekt";"10.04";01.01.2006;;"nötig";60
"Funktion im Ausland";"Baumaschinenführer/in";"10.06";01.01.2006;;"nötig";60
"Funktion im Ausland";"Baustatiker/in";"10.07";01.01.2006;;"nötig";60
"Funktion im Ausland";"Bauzeichner/in";"10.08";01.01.2006;;"nötig";60
"Funktion im Ausland";"Bergungstaucher/in (Ausl.)";"10.42";01.05.2011;;"nötig";60
"Funktion im Ausland";"Bootsführer/in FRB";"7.03";12.04.2017;;"nötig";60
"Funktion im Ausland";"Brandschutzfachkraft";"10.09";01.01.2006;;"nötig";60
"Funktion im Ausland";"Camp Carpentry and other Woodwork";"6.03";01.09.2016;;"nötig";60
"Funktion im Ausland";"Camp Construction";"6.02";01.09.2016;;"nötig";60
"Funktion im Ausland";"Camp Electrical";"6.04";01.09.2016;;"nötig";60
"Funktion im Ausland";"Camp Manager SEEBA";"1.17";01.09.2016;;"nötig";60
"Funktion im Ausland";"Camp Sanitation";"6.05";01.09.2016;;"nötig";60
"Funktion im Ausland";"Camp Support";"6.06";01.01.2009;;"nötig";60
"Funktion im Ausland";"Camp-Planing";"6.01";01.01.2009;;"nötig";60
"Funktion im Ausland";"Cargo-/Flight Attendant";"3.02";01.04.2006;;"nötig";60
"Funktion im Ausland";"Cashdesk Administrator";"alt8.05";01.01.2005;31.01.2011;"nötig";60
"Funktion im Ausland";"Chief of Operations FRB";"7.02";12.04.2017;;"nötig";60
"Funktion im Ausland";"Chief of Operations HCP";"5.02";01.01.2005;;"nötig";60
"Funktion im Ausland";"Chief of Operations SEC";"4.02";01.01.2009;;"nötig";60
"Funktion im Ausland";"Chief of Operations SEEBA";"1.02";01.01.2005;;"nötig";60
"Funktion im Ausland";"Chief of Operations SEEWA";"2.02";01.01.2005;;"nötig";60
"Funktion im Ausland";"Chief of Operations rescEU CBRN Decon";"12.02";19.03.2024;;"nötig";60
"Funktion im Ausland";"Communications-/IT-Experte/in";"10.26";01.01.2009;;"nötig";60
"Funktion im Ausland";"Constructional Expert SEEWA";"2.05";01.01.2006;;"nötig";60
"Funktion im Ausland";"Cook";"10.25";01.01.2006;;"nötig";60
"Funktion im Ausland";"Cultural Heritage Advisor CHRU";"11.02";09.08.2023;;"nötig";60
"Funktion im Ausland";"Cultural Heritage Support CHRU";"11.01";09.08.2023;;"nötig";60
"Funktion im Ausland";"Deputy Team Leader SEEBA";"1.01a";01.09.2016;;"nötig";60
"Funktion im Ausland";"Dog Handler SEEBA";"1.15";01.01.2005;;"nötig";60
"Funktion im Ausland";"EGS-Experte/in";"10.41";01.01.2009;;"nötig";60
"Funktion im Ausland";"EU Assessment Expert";"alt4.01";01.01.2006;30.11.2015;"nötig";60
"Funktion im Ausland";"EU Civil Protection Expert";"9.20";01.01.2006;;"nötig";60
"Funktion im Ausland";"EU Coordination Head";"alt4.03";01.01.2006;30.11.2015;"nötig";60
"Funktion im Ausland";"EU Liaison Officer";"EU-LO";01.01.2006;31.03.2009;"nötig";60
"Funktion im Ausland";"EU-Coordination Deputy Head";"EU-CDH";01.01.2006;31.03.2009;"nötig";60
"Funktion im Ausland";"Electrical Expert HCP";"5.04";01.01.2009;;"nötig";60
"Funktion im Ausland";"Electrical Expert SEEWA";"2.06";01.01.2006;;"nötig";60
"Funktion im Ausland";"Elektroingenieur/in";"10.13";01.01.2006;;"nötig";60
"Funktion im Ausland";"Elektroniker/in";"10.14";01.01.2006;;"nötig";60
"Funktion im Ausland";"Engine Operator rescEU CBRN Decon";"12.08";09.10.2023;;"nötig";60
"Funktion im Ausland";"Entsorgungstechniker/in";"10.15";01.01.2006;;"nötig";60
"Funktion im Ausland";"Erkunder/in";"Erk";01.01.2005;31.03.2009;"nötig";60
"Funktion im Ausland";"FTS-Net & Applications-Operator";"13.01";02.03.2026;;"nötig";60
"Funktion im Ausland";"FTS-RPAS-Operator";"13.02";02.03.2026;;"nötig";60
"Funktion im Ausland";"Fachberater/in TUIS Ausland";"3.04";07.02.2011;;"nötig";60
"Funktion im Ausland";"Fachkraft Brunnenbau";"10.11";01.01.2009;;"nötig";60
"Funktion im Ausland";"Fachkraft Chemie";"10.12";01.01.2009;;"nötig";60
"Funktion im Ausland";"Fachkraft Hygiene";"alt9.16";01.01.2006;30.11.2015;"nötig";60
"Funktion im Ausland";"Fachkraft Maschinen - Antriebstechnik";"10.20";01.01.2009;;"nötig";60
"Funktion im Ausland";"Fachkraft SAR bei ABC Lagen";"10.17";01.01.2006;30.11.2015;"nötig";60
"Funktion im Ausland";"Fachkraft für Wasseraufbereitungsanlagen";"alt9.39";01.01.2009;30.11.2015;"nötig";60
"Funktion im Ausland";"Feinmechaniker/in";"10.18";01.01.2006;;"nötig";60
"Funktion im Ausland";"Feuerwehrmann/frau";"alt9.19";01.01.2006;30.11.2015;"nötig";60
"Funktion im Ausland";"Financial Controller";"alt8.07";01.01.2006;30.11.2015;"nötig";60
"Funktion im Ausland";"Freileitungsbauer/in";"FrltgB";01.01.2006;31.03.2009;"nötig";60
"Funktion im Ausland";"Generatorentechniker/in-Elektro";"GenTecE";01.01.2006;31.03.2009;"nötig";60
"Funktion im Ausland";"Generatorentechniker/in-Mechanik";"GenTecM";01.01.2006;31.03.2009;"nötig";60
"Funktion im Ausland";"Geologe/in";"10.21";01.01.2006;;"nötig";60
"Funktion im Ausland";"Hazmat / S&S Officer SEEBA";"1.07";01.01.2005;;"nötig";60
"Funktion im Ausland";"Head of Mission";"9.01";01.01.2006;;"nötig";60
"Funktion im Ausland";"Höhenretter/in";"10.23";01.01.2006;;"nötig";60
"Funktion im Ausland";"ICT-Officer SEEBA";"1.21";01.09.2016;;"nötig";60
"Funktion im Ausland";"Information Management Officer";"9.16";01.09.2016;;"nötig";60
"Funktion im Ausland";"Information Officer SEEBA";"1.20";01.09.2016;;"nötig";60
"Funktion im Ausland";"KFZ Mechaniker Meister/in";"KfzM-M";01.01.2006;31.03.2009;"nötig";60
"Funktion im Ausland";"Kfz-Mechaniker/in";"alt9.24";01.01.2006;30.11.2015;"nötig";60
"Funktion im Ausland";"Kfz-Mechatroniker/in";"10.27";01.01.2006;;"nötig";60
"Funktion im Ausland";"Kommunikationstechniker/in";"KomTec";01.01.2006;31.03.2009;"nötig";60
"Funktion im Ausland";"Kranführer/in FRB";"7.04";12.04.2017;;"nötig";60
"Funktion im Ausland";"Krisenmanager/in";"10.28";01.01.2009;;"nötig";60
"Funktion im Ausland";"Laborant/in Trinkwasser";"10.29";01.01.2006;;"nötig";60
"Funktion im Ausland";"Laboratory Expert SEEWA";"2.04";01.01.2005;;"nötig";60
"Funktion im Ausland";"Language mediator";"9.19";01.09.2016;;"nötig";60
"Funktion im Ausland";"Lektor/in / Dozent/in Aufbau Katastrophenschutz";"9.15";10.02.2011;;"nötig";60
"Funktion im Ausland";"Liaison Officer";"9.08";01.01.2005;;"nötig";60
"Funktion im Ausland";"Liaison Officer SEEBA";"1.06";01.01.2005;;"nötig";60
"Funktion im Ausland";"Liaison Officer rescEU CBRN Decon";"12.04";19.03.2024;;"nötig";60
"Funktion im Ausland";"Liasion Officer SEC";"4.05";07.02.2011;;"nötig";60
"Funktion im Ausland";"Logistics Expert HCP";"5.03";01.01.2009;;"nötig";60
"Funktion im Ausland";"Logistics Expert SEEBA";"1.12";01.01.2005;;"nötig";60
"Funktion im Ausland";"Logistics Officer";"9.03";01.01.2005;;"nötig";60
"Funktion im Ausland";"Logistics Officer SEC";"4.03";01.01.2009;;"nötig";60
"Funktion im Ausland";"Logistics Officer SEEBA";"1.03";01.01.2005;;"nötig";60
"Funktion im Ausland";"Logistics Officer SEEWA";"2.03";01.01.2005;;"nötig";60
"Funktion im Ausland";"Logistics Officer rescEU CBRN Decon";"12.05";19.03.2024;;"nötig";60
"Funktion im Ausland";"Logistics Support";"9.04";01.09.2016;;"nötig";60
"Funktion im Ausland";"Maintenance Expert SEEBA";"1.11";01.01.2005;;"nötig";60
"Funktion im Ausland";"Mechanical Expert HCP";"5.05";01.01.2009;;"nötig";60
"Funktion im Ausland";"Mechanical Expert SEEWA";"2.07";01.01.2006;;"nötig";60
"Funktion im Ausland";"Media Officer";"9.09";01.01.2006;;"nötig";60
"Funktion im Ausland";"Media Officer SEEBA";"1.08";01.01.2005;;"nötig";60
"Funktion im Ausland";"Medical Doctor SEEBA";"1.05";01.01.2005;;"nötig";60
"Funktion im Ausland";"Medical Expert SEEWA";"2.10";01.01.2006;;"nötig";60
"Funktion im Ausland";"Medical Officer";"9.10";01.01.2006;;"nötig";60
"Funktion im Ausland";"Member decontamination squad rescEU CBRN Decon";"12.09";09.10.2023;;"nötig";60
"Funktion im Ausland";"Nachrichtentechniker";"NT";01.01.2006;31.03.2009;"nötig";60
"Funktion im Ausland";"Ölabwehrspezialist/in";"10.30";01.01.2006;;"nötig";60
"Funktion im Ausland";"Office Administrator";"OffAdmin";01.01.2006;31.03.2009;"nötig";60
"Funktion im Ausland";"Paramedic";"9.11";01.01.2006;;"nötig";60
"Funktion im Ausland";"Paramedic SEEBA";"1.13";01.01.2005;;"nötig";60
"Funktion im Ausland";"Personnel Officer (S1) rescEU CBRN Decon";"12.03";19.03.2024;;"nötig";60
"Funktion im Ausland";"Personnel Officer SEEBA";"1.18";01.09.2016;;"nötig";60
"Funktion im Ausland";"Planungsexperte/in Hochspannung";"10.22";01.01.2009;;"nötig";60
"Funktion im Ausland";"Planungsexperte/in Stromnetze (bis 1kV)";"10.43";31.01.2012;;"nötig";60
"Funktion im Ausland";"Plumbing and drainage Expert SEEWA";"2.08";01.01.2006;;"nötig";60
"Funktion im Ausland";"Polier-Tiefbau";"10.34";01.01.2009;;"nötig";60
"Funktion im Ausland";"Procurement Officer";"9.05";01.09.2016;;"nötig";60
"Funktion im Ausland";"Program Officer";"PO";01.01.2006;31.03.2009;"nötig";60
"Funktion im Ausland";"Project Manager";"9.13";15.04.2009;;"nötig";60
"Funktion im Ausland";"Projektbetreuer";"9.14";15.04.2009;;"nötig";60
"Funktion im Ausland";"Pumping Expert HCP";"5.06";01.01.2009;;"nötig";60
"Funktion im Ausland";"Rescue Technician SEEBA";"1.16";01.01.2005;;"nötig";60
"Funktion im Ausland";"Rettungstaucher/in";"alt9.31";01.01.2006;30.11.2015;"nötig";60
"Funktion im Ausland";"Rohrleitungsbauer/in";"10.32";01.01.2006;;"nötig";60
"Funktion im Ausland";"Sanitärinstallateur/in";"10.33";01.01.2006;;"nötig";60
"Funktion im Ausland";"Sanitation Expert SEEWA";"2.11";01.01.2015;;"nötig";60
"Funktion im Ausland";"Schreiner/in, Tischler/in";"10.35";01.01.2006;;"nötig";60
"Funktion im Ausland";"Section Commander SEEBA";"1.04";01.01.2005;;"nötig";60
"Funktion im Ausland";"Security Advisor";"SecA";01.01.2006;31.03.2009;"nötig";60
"Funktion im Ausland";"Skipper Ausland";"10.44";19.03.2024;;"nötig";60
"Funktion im Ausland";"Squad Leader SAR SEEBA";"1.09";01.01.2005;;"nötig";60
"Funktion im Ausland";"Squad Leader Search SEEBA";"alt1.09";01.01.2005;31.08.2016;"nötig";60
"Funktion im Ausland";"Squad Leader rescEU CBRN Decon";"12.07";09.10.2023;;"nötig";60
"Funktion im Ausland";"Structural Engineer CHRU";"11.03";15.12.2025;;"nötig";60
"Funktion im Ausland";"Structural Engineer SEEBA";"1.10";01.09.2016;;"nötig";60
"Funktion im Ausland";"Team Leader";"9.02";01.01.2005;;"nötig";60
"Funktion im Ausland";"Team Leader Erkundung";"TLErk";01.01.2005;31.03.2009;"nötig";60
"Funktion im Ausland";"Team Leader FRB";"7.01";12.04.2017;;"nötig";60
"Funktion im Ausland";"Team Leader HCP";"5.01";01.01.2009;;"nötig";60
"Funktion im Ausland";"Team Leader SEC";"4.01";01.01.2009;;"nötig";60
"Funktion im Ausland";"Team Leader SEEBA";"1.01";01.01.2005;;"nötig";60
"Funktion im Ausland";"Team Leader SEEWA";"2.01";01.01.2005;;"nötig";60
"Funktion im Ausland";"Team Leader SEElift";"3.01";01.04.2006;;"nötig";60
"Funktion im Ausland";"Team Leader rescEU CBRN Decon";"12.01";19.03.2024;;"nötig";60
"Funktion im Ausland";"Technical Advisor Airport";"3.03";01.04.2006;;"nötig";60
"Funktion im Ausland";"Technical Expert SEEWA";"2.12";01.01.2015;;"nötig";60
"Funktion im Ausland";"Technical Search Expert SEEBA";"1.14";01.01.2005;;"nötig";60
"Funktion im Ausland";"Techniker/in Brückenbau";"10.10";01.01.2009;;"nötig";60
"Funktion im Ausland";"Telecommunication Support TAST";"alt5.02";01.01.2009;30.11.2015;"nötig";60
"Funktion im Ausland";"Tiefbauingenieur/in";"10.05";01.01.2006;;"nötig";60
"Funktion im Ausland";"Trainer Civil Protection";"9.18";01.09.2016;;"nötig";60
"Funktion im Ausland";"Transport Support";"9.21";01.01.2009;;"nötig";60
"Funktion im Ausland";"Umweltschutztechniker/in";"10.36";01.01.2006;;"nötig";60
"Funktion im Ausland";"Unit Leader infa/vehicle rescEU CBRN Decon";"12.06";09.10.2023;;"nötig";60
"Funktion im Ausland";"Vermessungstechniker/in";"10.37";01.01.2006;;"nötig";60
"Funktion im Ausland";"WP  Machine Operator";"9.12";01.01.2006;;"nötig";60
"Funktion im Ausland";"Wasserbauingenieur/in";"10.38";01.01.2006;;"nötig";60
"Funktion im Ausland";"Water source Expert SEEWA";"2.09";01.01.2006;;"nötig";60
"Funktion im Ausland";"Zimmermann/Zimmermännin";"10.40";01.01.2006;;"nötig";60
"STAN-Position";"Alters- und Ehrenhelfer/in";"AE-He";01.01.2006;;"-- keine --";
"STAN-Position";"Ausbildungsbeauftragte/r";"AB";01.01.1996;;"nötig";60
"STAN-Position";"Beauftragte/r für Öffentlichkeitsarbeit";"BÖ";01.01.1996;;"nötig";60
"STAN-Position";"EBootsführer/in";"EbootsFü";01.07.1995;30.06.1997;"-- keine --";
"STAN-Position";"EFernmelder/in";"EFernM";01.07.1995;30.06.1997;"-- keine --";
"STAN-Position";"Einheitsführer/in ÖGA";"Fü ÖGA";01.01.2005;;"nötig";60
"STAN-Position";"Fachberater/in Stufe 1 und 2";"FaBe 1/2";01.10.2003;;"nötig";60
"STAN-Position";"Fachberater/in Stufe 1 und 2 (Reserve)";"FaBe1/2R";01.01.2006;;"nötig";60
"STAN-Position";"Fachhelfer/in";"FaHe";01.07.1995;;"-- keine --";
"STAN-Position";"Fachhelfer/in (Reserve)";"FaHe (R)";01.07.1997;;"-- keine --";
"STAN-Position";"Fachhelfer/in ESS";"FaHe ESS";01.07.2010;;"-- keine --";
"STAN-Position";"Fachhelfer/in Mobiler-Hochwasser-Pegel";"FaHe MHP";01.07.2014;;"-- keine --";
"STAN-Position";"Fernmelder/in";"FernMel";01.07.1997;;"-- keine --";
"STAN-Position";"Fernmelder/in / Kraftfahrer/in 3";"Fe/KF3 ";01.07.1995;30.06.1997;"-- keine --";
"STAN-Position";"Gruppenführer/in";"GrFü";01.07.1995;30.06.1997;"nötig";60
"STAN-Position";"Gruppenführer/in Beleuchtung";"GrFü Bel";01.10.2003;;"nötig";60
"STAN-Position";"Gruppenführer/in Bergung";"GrFü B";01.07.1997;;"nötig";60
"STAN-Position";"Gruppenführer/in Bergung 2";"GrFü B 2";01.07.1997;;"nötig";60
"STAN-Position";"Gruppenführer/in Bergungstauchen";"GrFü BT";01.07.2022;;"nötig";60
"STAN-Position";"Gruppenführer/in Brückenbau";"GrFü BrB";01.07.1997;;"nötig";60
"STAN-Position";"Gruppenführer/in Elektroversorgung";"GrFü E";01.07.1997;;"nötig";60
"STAN-Position";"Gruppenführer/in Fachgruppe SEEBA";"GrFü SEE";01.07.1997;;"nötig";60
"STAN-Position";"Gruppenführer/in Führungsunterstützung";"GrFü F";01.07.2021;;"nötig";60
"STAN-Position";"Gruppenführer/in Infrastruktur";"GrFü I";01.07.1997;;"nötig";60
"STAN-Position";"Gruppenführer/in Kommunikation";"GrFü K";01.07.2021;;"nötig";60
"STAN-Position";"Gruppenführer/in Logistik-Materialwirtschaft";"GrFüLogMW";01.07.2020;;"nötig";60
"STAN-Position";"Gruppenführer/in Logistik-Verpflegung";"GrFüLogV";01.07.2020;;"nötig";60
"STAN-Position";"Gruppenführer/in Media Team";"GrFü MT";01.07.2022;;"nötig";60
"STAN-Position";"Gruppenführer/in Notversorgung u Notinstandsetzung";"GrFü N";01.12.2018;;"nötig";60
"STAN-Position";"Gruppenführer/in ÖGA";"GrFü ÖGA";01.01.2005;;"nötig";60
"STAN-Position";"Gruppenführer/in Ölschaden";"GrFü Öl";01.07.1997;;"nötig";60
"STAN-Position";"Gruppenführer/in Ortung";"GrFü O";01.07.1997;;"nötig";60
"STAN-Position";"Gruppenführer/in Räumen";"GrFü R";01.07.1997;;"nötig";60
"STAN-Position";"Gruppenführer/in Schwere Bergung";"GrFü SB";01.07.2019;;"nötig";60
"STAN-Position";"Gruppenführer/in Sprengen";"GrFü Sp";01.10.2003;;"nötig";60
"STAN-Position";"Gruppenführer/in Trinkwasserversorgung";"GrFü TW";01.07.1997;;"nötig";60
"STAN-Position";"Gruppenführer/in Wassergefahren";"GrFü W";01.07.1997;;"nötig";60
"STAN-Position";"Gruppenführer/in Wasserschaden/Pumpen";"GrFü WP";01.07.1997;;"nötig";60
"STAN-Position";"Helferanwärter/in";"HeAw";01.07.1995;;"-- keine --";
"STAN-Position";"Junghelfer/in";"JuHe";01.01.2006;;"-- keine --";
"STAN-Position";"Koch/Köchin FGr LOG";"Koch LogV";01.07.1995;30.06.1997;"-- keine --";
"STAN-Position";"Kraftfahrer/in 2";"KF 2";01.07.1995;30.06.1997;"-- keine --";
"STAN-Position";"Kraftfahrer/in 3";"KF 3";01.07.1995;30.06.1997;"-- keine --";
"STAN-Position";"Leiter/in Fachgruppe FK";"Ltr FK";01.07.1995;;"nötig";60
"STAN-Position";"Leiter/in Fachgruppe Logistik";"Ltr Log";01.07.1997;;"nötig";60
"STAN-Position";"Leiter/in Fm-Betrieb ÖGA";"LdF ÖGA";01.01.2005;;"nötig";60
"STAN-Position";"Logistik-Führer/in, alt";"LogFü a";01.11.2003;31.12.2003;"nötig";60
"STAN-Position";"OV-Koch/Köchin";"Koch";01.01.1996;;"nötig";60
"STAN-Position";"Ortsbeauftragte/r";"OB";22.08.1950;;"nötig";60
"STAN-Position";"Ortsjugendbeauftragte/r";"OJB";01.01.1996;;"nötig";60
"STAN-Position";"Psychosoziale Fachkraft";"PsFk";01.07.2015;;"nötig";60
"STAN-Position";"Psychosoziale Fachkraft (Reserve)";"PsFk (R)";01.07.2015;;"nötig";60
"STAN-Position";"Sachgebietsleiter/in";"SGL";01.07.1995;;"nötig";60
"STAN-Position";"Sachgebietsleiter/in 6 / Fernmeldeführer/in";"S 6/FeFü";01.07.1995;;"nötig";60
"STAN-Position";"Schirrmeister/in";"SM";01.01.1996;;"nötig";60
"STAN-Position";"Stützpunktleiter/in";"SPLtr";01.05.1999;;"nötig";60
"STAN-Position";"THW-Peer";"Peer";01.07.2015;;"nötig";60
"STAN-Position";"THW-Peer (Reserve)";"Peer (R)";01.07.2015;;"nötig";60
"STAN-Position";"Truppführer/in";"TrFü";01.07.1995;30.06.1997;"nötig";60
"STAN-Position";"Truppführer/in Beleuchtung";"TrFü Bel";01.10.2003;;"nötig";60
"STAN-Position";"Truppführer/in Bergung";"TrFü B";01.07.1997;;"nötig";60
"STAN-Position";"Truppführer/in Bergung 2";"TrFü B 2";01.07.1997;30.11.2020;"nötig";60
"STAN-Position";"Truppführer/in Bergung der Fachgruppe SEEBA";"TrFü B S";01.07.1997;;"nötig";60
"STAN-Position";"Truppführer/in Bergungstauchen";"TrFü BT";01.07.2022;;"nötig";60
"STAN-Position";"Truppführer/in Brückenbau";"TrFü BrB";01.07.1997;;"nötig";60
"STAN-Position";"Truppführer/in Einsatzstellensicherung";"TrFü ESS";01.07.2010;;"nötig";60
"STAN-Position";"Truppführer/in Elektroversorgung";"TrFü E";01.07.1997;;"nötig";60
"STAN-Position";"Truppführer/in Fernmeldetrupp";"TrFü FmT";01.07.1997;;"nötig";60
"STAN-Position";"Truppführer/in Führungs-/Kommunikationstrupp";"TrFü FuK";01.07.1997;;"nötig";60
"STAN-Position";"Truppführer/in Führungstrupp";"TrFü Fü";01.10.2003;;"nötig";60
"STAN-Position";"Truppführer/in Führungsunterstützung";"TrFü F";01.07.2021;;"nötig";60
"STAN-Position";"Truppführer/in Infrastruktur";"TrFü I";01.07.1997;;"nötig";60
"STAN-Position";"Truppführer/in Kommunikation";"TrFü K";01.07.2021;;"nötig";60
"STAN-Position";"Truppführer/in Logistik";"TrFü Log";01.07.1997;;"nötig";60
"STAN-Position";"Truppführer/in Logistik-Materialwirtschaft";"TrFüLogMW";01.07.2020;;"nötig";60
"STAN-Position";"Truppführer/in Logistik-Verpflegung";"TrFüLogV";01.07.2020;;"nötig";60
"STAN-Position";"Truppführer/in Media Team";"TrFü MT";01.07.2022;;"nötig";60
"STAN-Position";"Truppführer/in Mobiler Hochwasserpegel";"TrFü MHP";01.07.2014;;"nötig";60
"STAN-Position";"Truppführer/in Notversorgung und Notinstandsetzung";"TrFü N";01.12.2018;;"nötig";60
"STAN-Position";"Truppführer/in ÖGA";"TrFü ÖGA";01.01.2005;;"nötig";60
"STAN-Position";"Truppführer/in Ölschaden";"TrFü Öl";01.07.1997;;"nötig";60
"STAN-Position";"Truppführer/in Ortung";"TrFü O";01.07.1997;;"nötig";60
"STAN-Position";"Truppführer/in Ortung der Fachgruppe SEEBA";"TrFü O S";01.07.1997;;"nötig";60
"STAN-Position";"Truppführer/in Räumen";"TrFü R";01.07.1997;;"nötig";60
"STAN-Position";"Truppführer/in Schwere Bergung";"TrFü SB";01.07.2019;;"nötig";60
"STAN-Position";"Truppführer/in Schwerer Transport";"TrFü TS";01.07.2019;;"nötig";60
"STAN-Position";"Truppführer/in Sprengen";"TrFü Sp";01.10.2003;;"nötig";60
"STAN-Position";"Truppführer/in Trinkwasserversorgung";"TrFü TW";01.07.1997;;"nötig";60
"STAN-Position";"Truppführer/in Unbemannte Luftfahrtsysteme";"TrFü UL";01.07.2019;;"nötig";60
"STAN-Position";"Truppführer/in Wassergefahren";"TrFü W";01.07.1997;;"nötig";60
"STAN-Position";"Truppführer/in Wasserschaden/Pumpen";"TrFü WP";01.07.1997;;"nötig";60
"STAN-Position";"Truppführer/in Weitverkehrstrupp";"TrFü WV";01.01.2004;;"nötig";60
"STAN-Position";"Truppführer/in-Führungsgehilfe";"TrFü FGe";01.07.1995;;"nötig";60
"STAN-Position";"Verwaltungsbeauftragte/r";"VwB";01.01.1996;;"nötig";60
"STAN-Position";"Zugführer/in";"ZFü";01.07.1995;;"nötig";60
"STAN-Position";"Zugführer/in Fachzug Führung/Kommunikation";"ZFü FZ FK";01.07.2021;;"nötig";60
"STAN-Position";"Zugführer/in Fachzug Logistik";"ZFüFZLog";01.07.2020;;"nötig";60
"STAN-Position";"Zugtruppführer/in";"ZTrFü";01.07.1997;;"nötig";60
"STAN-Position";"Zugtruppführer/in Fachzug Führung/Kommunikation";"ZTrFü FK";01.07.2021;;"nötig";60
"STAN-Position";"Zugtruppführer/in Fachzug Logistik";"ZTrFüLog";01.07.2020;;"nötig";60
"STAN-Position";"stv. Ortsbeauftragte/r";"stv. OB";22.08.1950;;"nötig";60
"STAN-Position";"stv. Ortsjugendbeauftragte/r";"stv. OJB";01.09.2017;;"nötig";60
"Sonstige Funktion";"Atemschutz-Gerätewart/in";"AS GerW";01.01.2008;;"nötig";
"Sonstige Funktion";"Ausbilder/in Bediener/in Motorsäge";"AusMotSä";01.03.2010;;"-- keine --";
"Sonstige Funktion";"Ausbilder/in Biologische Ortung";"ABO";01.07.1995;;"-- keine --";
"Sonstige Funktion";"Ausbilder/in Grundausbildung";"AusbGA";01.11.2003;;"-- keine --";
"Sonstige Funktion";"Ausbilder/in Grundausbildung (alt)";"AGA";01.07.1995;31.10.2003;"-- keine --";
"Sonstige Funktion";"Baufachberater/in";"BauFaBe";01.11.2003;;"nötig";
"Sonstige Funktion";"Befähigte Person - BGR 500 (FGr Log)";"BPLogBGR";01.07.1995;;"nötig";
"Sonstige Funktion";"Befähigte Person - Elektro";"BP-E";01.07.1995;;"nötig";
"Sonstige Funktion";"Befähigte Person - Technik";"BP-T";01.07.1995;;"nötig";
"Sonstige Funktion";"Bereichsausbilder/in Atemschutz";"BA AS";01.07.1995;;"nötig";
"Sonstige Funktion";"Bereichsausbilder/in IT";"BA IT";01.01.2001;;"nötig";
"Sonstige Funktion";"Bereichsausbilder/in Koch";"BA Koch";01.07.1995;;"nötig";
"Sonstige Funktion";"Bereichsausbilder/in Kraftfahrwesen";"BA Kf";01.07.1995;;"nötig";
"Sonstige Funktion";"Bereichsausbilder/in Sprechfunk";"BA SprFu";01.07.1995;;"nötig";
"Sonstige Funktion";"Bezirksjugendbeauftragte/r";"BezJB";01.09.2017;;"nötig";
"Sonstige Funktion";"Bundesjugendbeauftragte/r";"BJB";01.09.2017;;"nötig";
"Sonstige Funktion";"Bundesjugendleiter/in";"BuJL";01.01.2000;;"-- keine --";
"Sonstige Funktion";"Bundesjugendsprecher/in";"BJSp";01.01.1990;;"-- keine --";
"Sonstige Funktion";"Bundessprecher/in";"BS";01.07.1995;;"-- keine --";
"Sonstige Funktion";"Einsatzleiter/in Ausland";"ELA";01.11.2003;;"nötig";
"Sonstige Funktion";"Fachberater/in (operativ-taktisch)";"FaBe/OT";01.07.1995;31.12.2003;"nötig";
"Sonstige Funktion";"Fachberater/in/Verbindungsperson";"FaBe/Ver";01.07.1995;31.12.2003;"nötig";
"Sonstige Funktion";"Gerätewart/in";"GerW";01.11.2020;;"nötig";
"Sonstige Funktion";"Gruppenleiter/in VOST";"GrLtr VOST";01.07.2022;;"nötig";
"Sonstige Funktion";"Helfersprecher/in";"HeSpr";01.07.1995;;"nötig";
"Sonstige Funktion";"IT-Betreuer/in";"ITB";01.07.1995;;"nötig";
"Sonstige Funktion";"Koch/Köchin Ausland";"Koch Ausl";01.01.2004;;"-- keine --";
"Sonstige Funktion";"Kreisbeauftragte/r";"KB";01.07.1995;;"nötig";
"Sonstige Funktion";"Landesjugendbeauftragte/r";"LJB";01.09.2017;;"nötig";
"Sonstige Funktion";"Landessprecher/in";"LS";01.07.1995;;"nötig";
"Sonstige Funktion";"Leiter/in THW - Führungsstelle";"LtrFüSt";03.07.1995;;"-- keine --";
"Sonstige Funktion";"Leiter/in VOST";"Ltr. VOST";01.07.2022;;"nötig";
"Sonstige Funktion";"Obmann Rettungshundewesen";"OMRH";01.07.1995;29.02.2016;"nötig";
"Sonstige Funktion";"Prüfer/in Grundausbildung";"PGA";01.07.1995;;"nötig";
"Sonstige Funktion";"Prüfer/in Rettungshunde";"PRH";01.07.1995;;"nötig";
"Sonstige Funktion";"Prüfungsleiter/in Grundausbildung";"PLGA";18.08.2015;;"nötig";
"Sonstige Funktion";"Psychosoziale Fachkraft (sonst. Fkt.)";"PsFks";01.01.2005;31.12.2015;"-- keine --";
"Sonstige Funktion";"Sicherheitsbeauftragte/r";"SiBe";01.07.1995;;"nötig";
"Sonstige Funktion";"Sicherheitsfachkraft";"SiFa";01.01.2009;;"nötig";
"Sonstige Funktion";"Sonstige verantwortliche Person Gefahrgut";"SvP-OV";20.02.2004;;"nötig";
"Sonstige Funktion";"Stellvertretende/r Leiter/in VOST";"sLtr. VOST";01.07.2022;;"nötig";
"Sonstige Funktion";"THW-Peer (sonst. Fkt.)ungültig";"Peers";01.01.2005;31.12.2015;"nötig";
"Sonstige Funktion";"Tauchgerätewart/in";"TauGerW";01.07.2022;;"-- keine --";
"Sonstige Funktion";"Truppleiter/in VOST";"TrLtr VOST";01.07.2022;;"nötig";
"Sonstige Funktion";"Umweltauditor/in";"UmwAud";01.01.2025;;"nötig";
"Sonstige Funktion";"Verantwortliche/r für den Dienstsport";"Ver DS";01.01.2019;;"nötig";
"Sonstige Funktion";"stv. Bezirksjugendbeauftragte/r";"stvBezJB";01.09.2017;;"nötig";
"Sonstige Funktion";"stv. Bundesjugendbeauftragte/r";"stv. BJB";01.09.2017;;"nötig";
"Sonstige Funktion";"stv. Bundesjugendleiter/in";"stv BuJL";01.01.2000;;"-- keine --";
"Sonstige Funktion";"stv. Bundesjugendsprecher/in";"stv BJSp";01.01.1990;;"-- keine --";
"Sonstige Funktion";"stv. Bundessprecher/in";"stv BS";01.07.1995;;"-- keine --";
"Sonstige Funktion";"stv. Helfersprecher/in";"stvHeSpr";01.07.1995;;"nötig";
"Sonstige Funktion";"stv. Landesjugendbeauftragte/r";"stv. LJB";01.09.2017;;"nötig";
"Sonstige Funktion";"stv. Landessprecher/in";"stv LS";01.07.1995;;"nötig";
"Sonstige Funktion";"stv. Obmann Rettungshundewesen";"stv OMRH";01.07.1995;29.02.2016;"nötig";
"Zusatzfunktion";"ABC-Fachhelfer/in";"ABC-FaHe";01.01.2005;;"-- keine --";
"Zusatzfunktion";"Abnahmeberechtigte Person EGS";"AbP EGS";01.09.2020;;"nötig";60
"Zusatzfunktion";"Atemschutzgeräteträger/in";"AGT";01.07.1995;;"-- keine --";
"Zusatzfunktion";"Ausbildungsbeauftragte/r (Zus)";"AB ";01.01.2004;31.12.2005;"nötig";60
"Zusatzfunktion";"Auswerter/in Fernerkundung";"AuswFE";01.07.2025;;"-- keine --";
"Zusatzfunktion";"Baufachberater/in ESS";"Bau ESS";01.07.2019;;"nötig";60
"Zusatzfunktion";"Beauftragte/r für Öffentlichkeitarbeit";"BÖH ";01.01.2004;31.12.2005;"nötig";60
"Zusatzfunktion";"Bediener/in Arbeitsplattform";"BeAP";01.10.2003;;"-- keine --";
"Zusatzfunktion";"Bediener/in Bagger/Radlader";"BedBaRa";01.07.2019;;"-- keine --";
"Zusatzfunktion";"Bediener/in Hubarbeitsbühne";"BedHubAB";01.07.2019;;"-- keine --";
"Zusatzfunktion";"Bediener/in Ladekran";"BedLKr";01.07.1995;;"-- keine --";
"Zusatzfunktion";"Bediener/in Mobilkran";"BedMK";01.01.2004;;"-- keine --";
"Zusatzfunktion";"Bediener/in Motorsäge";"BedMotSä";01.07.2008;;"-- keine --";
"Zusatzfunktion";"Bediener/in Schreitbagger";"BedSchrB";01.07.2019;;"-- keine --";
"Zusatzfunktion";"Bediener/in Teleskoplader";"BedTeLa";01.11.2020;;"-- keine --";
"Zusatzfunktion";"Bediener/in technisches Ortungsgerät";"BedTOg";01.07.1995;;"-- keine --";
"Zusatzfunktion";"Befähigte Person Elektro";"BPEl";01.07.2020;;"nötig";60
"Zusatzfunktion";"Befähigte Person Logistik";"BPLog";01.07.2020;;"nötig";60
"Zusatzfunktion";"Befähigte Person Technik";"BPTech";01.07.2020;;"nötig";60
"Zusatzfunktion";"Bergungsräumgerätefahrer/in - Baggerführer/in";"BRmG/BF";01.01.1995;31.10.2020;"-- keine --";
"Zusatzfunktion";"Bergungstaucher/in";"BergTau";01.07.2022;;"-- keine --";
"Zusatzfunktion";"Bootsführer/in THW";"BootsFü";04.06.1997;;"-- keine --";
"Zusatzfunktion";"Bootsführer/in THW See";"BoFüSee";01.11.2020;;"-- keine --";
"Zusatzfunktion";"Bootsführer/in manuelles Boot";"BoFü man";01.01.2019;;"-- keine --";
"Zusatzfunktion";"CBRN-Helfer/in";"CBRN-He";01.10.2003;;"-- keine --";
"Zusatzfunktion";"Elektro-Schweißer/in";"E-Schw.";01.07.1995;;"-- keine --";
"Zusatzfunktion";"Ersatz-Bergungsräumgerätefahrer/in,Baggerführer/in";"EBRmG/BF";01.07.1995;31.12.2003;"-- keine --";
"Zusatzfunktion";"Ersatzbootsführer/in";"EBootsFü";01.07.1995;31.12.2003;"-- keine --";
"Zusatzfunktion";"Ersatzkraftfahrer/in B (3)";"EKF B";01.07.1995;31.12.2003;"-- keine --";
"Zusatzfunktion";"Ersatzkraftfahrer/in CE (2)";"EKF CE";01.07.1995;31.12.2003;"-- keine --";
"Zusatzfunktion";"Fachberater/in (Zus)";"FB ";01.01.2004;31.12.2005;"nötig";60
"Zusatzfunktion";"Fachberater/in Stufe 3 und 4";"FaBe 3/4";01.06.2017;;"nötig";60
"Zusatzfunktion";"Fachkraft IuK";"Fk IuK";01.07.2021;;"-- keine --";
"Zusatzfunktion";"Fernmeldeführer/in";"FmFü";01.07.2021;;"-- keine --";
"Zusatzfunktion";"Fotograf/in";"Foto";01.07.2022;;"-- keine --";
"Zusatzfunktion";"Führungsgehilfe/Führungsgehilfin";"FüGe";01.07.2019;;"-- keine --";
"Zusatzfunktion";"Gabelstaplerfahrer/in";"GaStaplF";01.10.2003;;"-- keine --";
"Zusatzfunktion";"Gas-Schweißer/in";"G-Schw.";01.07.1995;;"-- keine --";
"Zusatzfunktion";"Gas-Schweißer/in 1. Bergungsgruppe";"G-S. 1BG";01.07.1995;;"-- keine --";
"Zusatzfunktion";"Geländestaplerfahrer/in";"GeStaplF";01.07.2019;;"-- keine --";
"Zusatzfunktion";"Gerätewart/in Logistikstelle Verpflegung";"GerWLogV";01.07.2020;;"-- keine --";
"Zusatzfunktion";"Hägglundsfahrer/in";"HägF";01.07.2019;01.07.2019;"-- keine --";
"Zusatzfunktion";"Hygiene-Fachkraft";"HygFa";01.10.2003;;"-- keine --";
"Zusatzfunktion";"Hygienehelfer/in";"HygHe";02.01.2004;;"-- keine --";
"Zusatzfunktion";"Jugendbetreuer (Zus)";"JuBe ";01.01.2004;31.12.2005;"nötig";60
"Zusatzfunktion";"Kleinlader-Fahrer/in";"KfBRmGkl";01.01.2004;31.10.2020;"-- keine --";
"Zusatzfunktion";"Koch/Köchin FZ Log";"Koch FZ";01.07.1997;;"-- keine --";
"Zusatzfunktion";"Koch/Köchin OV (Zus)";"Koch OV-Z";01.01.2004;31.12.2005;"nötig";60
"Zusatzfunktion";"Kraftfahrer/in B";"Kf B";01.07.1997;;"-- keine --";
"Zusatzfunktion";"Kraftfahrer/in BE";"Kf BE";01.10.2003;;"-- keine --";
"Zusatzfunktion";"Kraftfahrer/in CE";"Kf CE";01.07.1997;;"-- keine --";
"Zusatzfunktion";"Kraftfahrer/in CE ADR Stückgut";"Kf CE ADR";01.10.2003;;"-- keine --";
"Zusatzfunktion";"Kraftfahrer/in CE ADR Tank";"Kf CE Tank";01.07.2026;;"-- keine --";
"Zusatzfunktion";"Kraftfahrer/in Hägglunds";"Kf Häg";01.01.2004;;"-- keine --";
"Zusatzfunktion";"Kranführer/in Autokran";"KranFü";01.07.1995;30.11.2020;"-- keine --";
"Zusatzfunktion";"Küchenhelfer/in";"KüHe";01.07.2020;;"-- keine --";
"Zusatzfunktion";"Lehrtaucher/in";"LehrTau";01.07.2022;;"-- keine --";
"Zusatzfunktion";"Leiter/in Stab THW Führungsstelle (Einsatz)";"LtrStabE";01.01.2004;;"-- keine --";
"Zusatzfunktion";"Leiter/in Stab THW-FüSt";"LTr Stab";01.07.2021;;"nötig";60
"Zusatzfunktion";"Leiter/in THW - Führungsstelle (alt)";"LtrFüStA";01.07.1995;30.04.2003;"-- keine --";
"Zusatzfunktion";"Leiter/in THW-FüST";"Ltr FüST";01.07.2021;;"nötig";60
"Zusatzfunktion";"Leiter/in des Einsatznachsorgeteams";"Ltr. ENT";01.07.2015;;"nötig";60
"Zusatzfunktion";"Leiter/in des Fernmeldebetriebs";"Ltr FmB";01.07.2021;;"-- keine --";
"Zusatzfunktion";"Leiter/in einer THW-Führungsstelle (Einsatz)";"LtrFüStE";01.01.2004;;"nötig";60
"Zusatzfunktion";"Logistikführer/in";"LogFü";01.01.2004;;"nötig";60
"Zusatzfunktion";"Luftfahrzeugfernführer/in";"LuFaFeFü";01.07.2019;;"nötig";60
"Zusatzfunktion";"Maschinist/in Drucklufterzeuger";"Masch DL";01.07.1995;;"-- keine --";
"Zusatzfunktion";"Maschinist/in Grossbeleuchtungsgerät";"MaschBel";01.11.2003;30.06.2010;"-- keine --";
"Zusatzfunktion";"Maschinist/in Hydr./Druckluft";"MaschHDW";01.07.1995;31.12.2006;"-- keine --";
"Zusatzfunktion";"Maschinist/in MastKW";"MaMastKW";01.03.2010;29.02.2016;"-- keine --";
"Zusatzfunktion";"Maschinist/in Netzersatzanlage";"MaschNEA";01.07.1995;;"-- keine --";
"Zusatzfunktion";"Maschinist/in Pumpen";"MaschPu";01.07.1995;;"-- keine --";
"Zusatzfunktion";"Maschinist/in Richtfunk";"MaschRiFu";01.07.2021;;"-- keine --";
"Zusatzfunktion";"Maschinist/in Separationsanlage";"MaschSep";01.07.1995;;"-- keine --";
"Zusatzfunktion";"Maschinist/in Skimmer";"MaschSk";01.07.1997;;"-- keine --";
"Zusatzfunktion";"Maschinist/in Stromerzeuger";"MaschSEA";01.11.2003;;"-- keine --";
"Zusatzfunktion";"Maschinist/in TWAA";"MaschTWA";01.07.1995;;"-- keine --";
"Zusatzfunktion";"Nachweisführer/in";"NwFü";01.07.2019;;"-- keine --";
"Zusatzfunktion";"Ortungshelfer/in";"OrtHe";01.07.1995;;"-- keine --";
"Zusatzfunktion";"PE/PVC-Schweißer/in";"PSw";01.10.2003;;"-- keine --";
"Zusatzfunktion";"Pressesprecher/in Media Team";"PrSpr MT";01.07.2022;;"-- keine --";
"Zusatzfunktion";"Rechnungsführer/in";"RechFü";01.10.2003;;"-- keine --";
"Zusatzfunktion";"Redakteur/in";"Reda";01.07.2022;;"-- keine --";
"Zusatzfunktion";"Rettungshundeführer/in";"ReHuFü";01.07.1997;;"-- keine --";
"Zusatzfunktion";"Sachgebietsleiter/in 1-4";"S1-4 ";01.07.1995;;"-- keine --";
"Zusatzfunktion";"Sachgebietsleiter/in S 1";"S 1";01.07.2021;;"-- keine --";
"Zusatzfunktion";"Sachgebietsleiter/in S 2";"S 2";01.07.2021;;"-- keine --";
"Zusatzfunktion";"Sachgebietsleiter/in S 3";"S 3";01.07.2021;;"-- keine --";
"Zusatzfunktion";"Sachgebietsleiter/in S 4";"S 4";01.07.2021;;"-- keine --";
"Zusatzfunktion";"Sachgebietsleiter/in S 5";"S 5";01.07.2022;;"-- keine --";
"Zusatzfunktion";"Sachgebietsleiter/in S 6";"S 6";01.07.2021;;"-- keine --";
"Zusatzfunktion";"Sanitätshelfer/in";"SanHe";01.07.1995;;"-- keine --";
"Zusatzfunktion";"Schirrmeister/in (SEEBA)";"SM(SBA)";01.07.1997;;"-- keine --";
"Zusatzfunktion";"Schirrmeister/in (Zus)";"SM ";01.01.2004;31.12.2005;"nötig";60
"Zusatzfunktion";"Social-Media-Manager/in";"SoMeMa";01.07.2022;;"-- keine --";
"Zusatzfunktion";"Sprechfunker/in";"SprFu";01.07.1995;;"-- keine --";
"Zusatzfunktion";"Sprengberechtigte/r";"SpBe";01.07.1995;;"nötig";60
"Zusatzfunktion";"Sprenggehilfe/in";"SpGe";01.07.1995;;"-- keine --";
"Zusatzfunktion";"THW-Schweißer/in/Brennschneider/in";"SBr";01.10.2003;;"-- keine --";
"Zusatzfunktion";"Tauchsanitätshelfer/in";"TauSanHe";01.07.2022;;"-- keine --";
"Zusatzfunktion";"Technische/r Berater/in Bergung ABC";"TeBe ABC";01.01.2005;;"-- keine --";
"Zusatzfunktion";"Technische/r Berater/in Deichverteidigung";"TeBeDe";01.11.2020;;"-- keine --";
"Zusatzfunktion";"Technische/r Berater/in Ölschaden";"TeBe Öl";01.10.2003;;"-- keine --";
"Zusatzfunktion";"Technische/r Berater/in Ortung";"TeBe O";01.10.2003;;"-- keine --";
"Zusatzfunktion";"Technische/r Berater/in VOST";"TeBe VOST";01.07.2022;;"-- keine --";
"Zusatzfunktion";"Trinkwasser-Laborant/in";"TWLab";01.07.1995;;"-- keine --";
"Zusatzfunktion";"Verwaltungshelfer/in (Zus)";"VwHe ";01.01.2004;31.12.2005;"nötig";60
"Zusatzfunktion";"Videograf/in";"Video";01.07.2022;;"-- keine --";
